{
 "activations": {
  "combined_prompt_out": 10.177748680114746,
  "ddec_init_queries_out": 0.6744294166564941,
  "ddec_layer0_ci_merge_merge_out": 10.689393997192383,
  "ddec_layer0_ct_merge_merge_out": 2.4794461727142334,
  "ddec_layer0_kpe_out": 22.26348876953125,
  "ddec_layer0_ln_postci_affine_out": 5.1611328125,
  "ddec_layer0_ln_postffn_affine_out": 5.397953987121582,
  "ddec_layer0_qpos1_out": 1.773764729499817,
  "ddec_layer0_qpos2_out": 5.047746658325195,
  "ddec_layer0_qpos3_out": 5.624298572540283,
  "ddec_layer0_sa_merge_merge_out": 0.11055371910333633,
  "ddec_layer1_ci_merge_merge_out": 8.487000465393066,
  "ddec_layer1_ct_merge_merge_out": 3.011242628097534,
  "ddec_layer1_kpe_out": 22.26348876953125,
  "ddec_layer1_ln_postci_affine_out": 7.619305610656738,
  "ddec_layer1_ln_postffn_affine_out": 7.0112152099609375,
  "ddec_layer1_qpos1_out": 5.870640277862549,
  "ddec_layer1_qpos2_out": 8.791472434997559,
  "ddec_layer1_qpos3_out": 8.499496459960938,
  "ddec_layer1_sa_merge_merge_out": 3.7188923358917236,
  "ddec_layer2_ci_merge_merge_out": 8.555045127868652,
  "ddec_layer2_ct_merge_merge_out": 2.8476669788360596,
  "ddec_layer2_kpe_out": 22.26348876953125,
  "ddec_layer2_ln_postci_affine_out": 6.961669445037842,
  "ddec_layer2_ln_postffn_affine_out": 7.980407238006592,
  "ddec_layer2_qpos1_out": 6.807491302490234,
  "ddec_layer2_qpos2_out": 8.743200302124023,
  "ddec_layer2_qpos3_out": 7.970600605010986,
  "ddec_layer2_sa_merge_merge_out": 3.3610057830810547,
  "ddec_layer3_ci_merge_merge_out": 7.4482197761535645,
  "ddec_layer3_ct_merge_merge_out": 3.358530044555664,
  "ddec_layer3_kpe_out": 22.26348876953125,
  "ddec_layer3_ln_postci_affine_out": 8.125138282775879,
  "ddec_layer3_ln_postffn_affine_out": 9.319682121276855,
  "ddec_layer3_qpos1_out": 8.769477844238281,
  "ddec_layer3_qpos2_out": 11.311921119689941,
  "ddec_layer3_qpos3_out": 8.675236701965332,
  "ddec_layer3_sa_merge_merge_out": 3.16597843170166,
  "ddec_layer4_ci_merge_merge_out": 8.218878746032715,
  "ddec_layer4_ct_merge_merge_out": 2.665928840637207,
  "ddec_layer4_kpe_out": 22.26348876953125,
  "ddec_layer4_ln_postci_affine_out": 8.197263717651367,
  "ddec_layer4_ln_postffn_affine_out": 9.693370819091797,
  "ddec_layer4_qpos1_out": 9.686717987060547,
  "ddec_layer4_qpos2_out": 10.973237037658691,
  "ddec_layer4_qpos3_out": 8.98360538482666,
  "ddec_layer4_sa_merge_merge_out": 3.230738878250122,
  "ddec_layer5_ci_merge_merge_out": 7.48134708404541,
  "ddec_layer5_ct_merge_merge_out": 1.8230736255645752,
  "ddec_layer5_kpe_out": 22.26348876953125,
  "ddec_layer5_ln_postci_affine_out": 7.459688186645508,
  "ddec_layer5_qpos1_out": 9.558610916137695,
  "ddec_layer5_qpos2_out": 9.151070594787598,
  "ddec_layer5_qpos3_out": 8.52881908416748,
  "ddec_layer5_sa_merge_merge_out": 2.5517430305480957,
  "fenc_layer0_ca_merge_merge_out": 2.6179609298706055,
  "fenc_layer0_ln1_affine_out": 5.660597324371338,
  "fenc_layer0_ln2_affine_out": 6.884863376617432,
  "fenc_layer0_ln3_affine_out": 6.353115558624268,
  "fenc_layer0_qkpe_out": 6.219972610473633,
  "fenc_layer0_sa_merge_merge_out": 1.1742452383041382,
  "fenc_layer1_ca_merge_merge_out": 3.8550806045532227,
  "fenc_layer1_ln1_affine_out": 7.110524654388428,
  "fenc_layer1_ln2_affine_out": 7.317449569702148,
  "fenc_layer1_ln3_affine_out": 6.418201446533203,
  "fenc_layer1_qkpe_out": 7.125426292419434,
  "fenc_layer1_sa_merge_merge_out": 2.744286060333252,
  "fenc_layer2_ca_merge_merge_out": 3.1266720294952393,
  "fenc_layer2_ln1_affine_out": 6.091123580932617,
  "fenc_layer2_ln2_affine_out": 9.0955228805542,
  "fenc_layer2_ln3_affine_out": 7.860045433044434,
  "fenc_layer2_qkpe_out": 6.491868495941162,
  "fenc_layer2_sa_merge_merge_out": 2.321218729019165,
  "fenc_layer3_ca_merge_merge_out": 3.6560041904449463,
  "fenc_layer3_ln1_affine_out": 8.798625946044922,
  "fenc_layer3_ln2_affine_out": 8.895792961120605,
  "fenc_layer3_ln3_affine_out": 8.122881889343262,
  "fenc_layer3_qkpe_out": 7.798626899719238,
  "fenc_layer3_sa_merge_merge_out": 3.6760799884796143,
  "fenc_layer4_ca_merge_merge_out": 3.4814212322235107,
  "fenc_layer4_ln1_affine_out": 7.307595252990723,
  "fenc_layer4_ln2_affine_out": 9.669902801513672,
  "fenc_layer4_ln3_affine_out": 9.096553802490234,
  "fenc_layer4_qkpe_out": 6.307595729827881,
  "fenc_layer4_sa_merge_merge_out": 4.09151029586792,
  "fenc_layer5_ca_merge_merge_out": 2.991241216659546,
  "fenc_layer5_ln1_affine_out": 8.302919387817383,
  "fenc_layer5_ln2_affine_out": 9.05798053741455,
  "fenc_layer5_ln3_affine_out": 9.875524520874023,
  "fenc_layer5_qkpe_out": 7.302919864654541,
  "fenc_layer5_res3_out": 23.26348876953125,
  "fenc_layer5_sa_merge_merge_out": 6.029704570770264
 },
 "weights": {
  "fenc_layer0_sa0w": 0.14824676513671875,
  "fenc_layer0_sa1w": 0.11954212188720703,
  "fenc_layer0_sa2w": 0.09471321105957031,
  "fenc_layer0_saoutw": 0.151153564453125,
  "fenc_layer0_ca0w": 0.14655113220214844,
  "fenc_layer0_ca1w": 0.12384176254272461,
  "fenc_layer0_ca2w": 0.1105189323425293,
  "fenc_layer0_caoutw": 0.11936044692993164,
  "fenc_layer0_l1w": 0.1414642333984375,
  "fenc_layer1_sa0w": 0.23920536041259766,
  "fenc_layer1_sa1w": 0.2541027069091797,
  "fenc_layer1_sa2w": 0.11282014846801758,
  "fenc_layer1_saoutw": 0.13892078399658203,
  "fenc_layer1_ca0w": 0.16326522827148438,
  "fenc_layer1_ca1w": 0.16423416137695312,
  "fenc_layer1_ca2w": 0.1163930892944336,
  "fenc_layer1_caoutw": 0.11064004898071289,
  "fenc_layer1_l1w": 0.13892078399658203,
  "fenc_layer2_sa0w": 0.3391265869140625,
  "fenc_layer2_sa1w": 0.29940032958984375,
  "fenc_layer2_sa2w": 0.1746501922607422,
  "fenc_layer2_saoutw": 0.13674068450927734,
  "fenc_layer2_ca0w": 0.1396474838256836,
  "fenc_layer2_ca1w": 0.16992664337158203,
  "fenc_layer2_ca2w": 0.1123356819152832,
  "fenc_layer2_caoutw": 0.11548471450805664,
  "fenc_layer2_l1w": 0.1741657257080078,
  "fenc_layer3_sa0w": 0.3776416778564453,
  "fenc_layer3_sa1w": 0.3568096160888672,
  "fenc_layer3_sa2w": 0.14643001556396484,
  "fenc_layer3_saoutw": 0.17016887664794922,
  "fenc_layer3_ca0w": 0.15987396240234375,
  "fenc_layer3_ca1w": 0.20408153533935547,
  "fenc_layer3_ca2w": 0.10373640060424805,
  "fenc_layer3_caoutw": 0.11288070678710938,
  "fenc_layer3_l1w": 0.1591472625732422,
  "fenc_layer4_sa0w": 0.4071941375732422,
  "fenc_layer4_sa1w": 0.3899955749511719,
  "fenc_layer4_sa2w": 0.1940288543701172,
  "fenc_layer4_saoutw": 0.18918418884277344,
  "fenc_layer4_ca0w": 0.17210674285888672,
  "fenc_layer4_ca1w": 0.17985820770263672,
  "fenc_layer4_ca2w": 0.12450790405273438,
  "fenc_layer4_caoutw": 0.1591472625732422,
  "fenc_layer4_l1w": 0.17489242553710938,
  "fenc_layer5_sa0w": 0.24138545989990234,
  "fenc_layer5_sa1w": 0.20056915283203125,
  "fenc_layer5_sa2w": 0.1645975112915039,
  "fenc_layer5_saoutw": 0.20056915283203125,
  "fenc_layer5_ca0w": 0.16738319396972656,
  "fenc_layer5_ca1w": 0.17925262451171875,
  "fenc_layer5_ca2w": 0.11966323852539062,
  "fenc_layer5_caoutw": 0.15769386291503906,
  "fenc_layer5_l1w": 0.1838550567626953,
  "ddec_layer0_sa0w": 0.11021614074707031,
  "ddec_layer0_sa1w": 0.07799911499023438,
  "ddec_layer0_sa2w": 0.08211708068847656,
  "ddec_layer0_saoutw": 0.27808380126953125,
  "ddec_layer0_ct0w": 0.1125173568725586,
  "ddec_layer0_ct1w": 0.09162473678588867,
  "ddec_layer0_ct2w": 0.12753582000732422,
  "ddec_layer0_ctoutw": 0.19463443756103516,
  "ddec_layer0_ci0w": 0.1764669418334961,
  "ddec_layer0_ci1w": 0.21001625061035156,
  "ddec_layer0_ci2w": 0.1725912094116211,
  "ddec_layer0_cioutw": 0.1644763946533203,
  "ddec_layer0_l1w": 0.546478271484375,
  "ddec_layer1_sa0w": 0.21050071716308594,
  "ddec_layer1_sa1w": 0.1630229949951172,
  "ddec_layer1_sa2w": 0.13334941864013672,
  "ddec_layer1_saoutw": 0.15272808074951172,
  "ddec_layer1_ct0w": 0.11736202239990234,
  "ddec_layer1_ct1w": 0.22406578063964844,
  "ddec_layer1_ct2w": 0.10113239288330078,
  "ddec_layer1_ctoutw": 0.2756614685058594,