{
 "activations": {
  "block0_attn_kt_out": 12.176776885986328,
  "block0_attn_merge_out": 8.418508529663086,
  "block0_attn_roq_merge_out": 9.075902938842773,
  "block0_attn_v_t_out": 8.80970573425293,
  "block0_gelu_out_out": 10.974761962890625,
  "block0_ln2_affine_out": 23.732202529907227,
  "block0_winpart_windows_out": 17.62451171875,
  "block10_attn_kt_out": 9.532876014709473,
  "block10_attn_merge_out": 4.925836086273193,
  "block10_attn_roq_merge_out": 13.938308715820312,
  "block10_attn_v_t_out": 6.856535911560059,
  "block10_gelu_out_out": 7.112119674682617,
  "block10_ln2_affine_out": 9.648785591125488,
  "block10_winpart_windows_out": 10.338493347167969,
  "block11_attn_kt_out": 10.101953506469727,
  "block11_attn_merge_out": 7.466756820678711,
  "block11_attn_roq_merge_out": 8.99537181854248,
  "block11_attn_v_t_out": 10.72754955291748,
  "block11_gelu_out_out": 6.9907121658325195,
  "block11_ln2_affine_out": 9.20850944519043,
  "block11_winpart_windows_out": 10.34749698638916,
  "block12_attn_kt_out": 12.92727279663086,
  "block12_attn_merge_out": 5.609579563140869,
  "block12_attn_roq_merge_out": 12.234649658203125,
  "block12_attn_v_t_out": 7.830766677856445,
  "block12_gelu_out_out": 11.638742446899414,
  "block12_ln2_affine_out": 8.081019401550293,
  "block12_winpart_windows_out": 11.453279495239258,
  "block13_attn_kt_out": 9.13569164276123,
  "block13_attn_merge_out": 4.944709777832031,
  "block13_attn_roq_merge_out": 11.269418716430664,
  "block13_attn_v_t_out": 6.846385478973389,
  "block13_gelu_out_out": 8.039283752441406,
  "block13_ln2_affine_out": 9.243794441223145,
  "block13_winpart_windows_out": 12.333428382873535,
  "block14_attn_kt_out": 10.203131675720215,
  "block14_attn_merge_out": 6.3437724113464355,
  "block14_attn_roq_merge_out": 9.715765953063965,
  "block14_attn_v_t_out": 7.894443511962891,
  "block14_gelu_out_out": 13.193885803222656,
  "block14_ln2_affine_out": 9.521203994750977,
  "block14_winpart_windows_out": 10.752062797546387,
  "block15_attn_kt_out": 14.877141952514648,
  "block15_attn_merge_out": 5.3727288246154785,
  "block15_attn_roq_merge_out": 16.169963836669922,
  "block15_attn_v_t_out": 6.568671226501465,
  "block15_gelu_out_out": 8.866986274719238,
  "block15_ln1_affine_out": 10.59482479095459,
  "block15_ln2_affine_out": 9.686062812805176,
  "block1_attn_kt_out": 7.573968887329102,
  "block1_attn_merge_out": 5.75600004196167,
  "block1_attn_roq_merge_out": 6.641817092895508,
  "block1_attn_v_t_out": 6.1088948249816895,
  "block1_gelu_out_out": 6.634073257446289,
  "block1_ln2_affine_out": 8.384772300720215,
  "block1_winpart_windows_out": 5.2872748374938965,
  "block2_attn_kt_out": 10.688190460205078,
  "block2_attn_merge_out": 3.7800397872924805,
  "block2_attn_roq_merge_out": 10.004114151000977,
  "block2_attn_v_t_out": 4.4981513023376465,
  "block2_gelu_out_out": 7.365292549133301,
  "block2_ln2_affine_out": 5.80068826675415,
  "block2_winpart_windows_out": 5.425708770751953,
  "block3_attn_kt_out": 12.7205228805542,
  "block3_attn_merge_out": 5.439720153808594,
  "block3_attn_roq_merge_out": 10.124663352966309,
  "block3_attn_v_t_out": 5.62054967880249,
  "block3_gelu_out_out": 5.799633502960205,
  "block3_ln2_affine_out": 6.343140125274658,
  "block3_winpart_windows_out": 10.538321495056152,
  "block4_attn_kt_out": 14.492636680603027,
  "block4_attn_merge_out": 5.449720859527588,
  "block4_attn_roq_merge_out": 10.637826919555664,
  "block4_attn_v_t_out": 5.523067474365234,
  "block4_gelu_out_out": 6.1261773109436035,
  "block4_ln2_affine_out": 6.50175142288208,
  "block4_winpart_windows_out": 14.165966987609863,
  "block5_attn_kt_out": 13.197308540344238,
  "block5_attn_merge_out": 4.061307430267334,
  "block5_attn_roq_merge_out": 10.323708534240723,
  "block5_attn_v_t_out": 4.667429447174072,
  "block5_gelu_out_out": 5.719065189361572,
  "block5_ln2_affine_out": 6.539048194885254,
  "block5_winpart_windows_out": 9.361167907714844,
  "block6_attn_kt_out": 18.934213638305664,
  "block6_attn_merge_out": 6.3244218826293945,
  "block6_attn_roq_merge_out": 9.961934089660645,
  "block6_attn_v_t_out": 7.059905052185059,
  "block6_gelu_out_out": 6.33446741104126,
  "block6_ln2_affine_out": 6.560402870178223,
  "block6_winpart_windows_out": 9.774114608764648,
  "block7_attn_kt_out": 13.459526062011719,
  "block7_attn_merge_out": 5.801417827606201,
  "block7_attn_roq_merge_out": 14.392964363098145,
  "block7_attn_v_t_out": 6.5357866287231445,
  "block7_gelu_out_out": 5.913750648498535,
  "block7_ln1_affine_out": 15.556796073913574,
  "block7_ln2_affine_out": 9.670095443725586,
  "block8_attn_kt_out": 18.795177459716797,
  "block8_attn_merge_out": 8.787164688110352,
  "block8_attn_roq_merge_out": 11.667556762695312,
  "block8_attn_v_t_out": 9.701678276062012,
  "block8_gelu_out_out": 7.189212322235107,
  "block8_ln2_affine_out": 10.293417930603027,
  "block8_winpart_windows_out": 13.476749420166016,
  "block9_attn_kt_out": 13.748987197875977,
  "block9_attn_merge_out": 4.577024936676025,
  "block9_attn_roq_merge_out": 12.876723289489746,
  "block9_attn_v_t_out": 6.15346622467041,
  "block9_gelu_out_out": 6.638491153717041,
  "block9_ln2_affine_out": 8.717262268066406,
  "block9_winpart_windows_out": 12.21986198425293,
  "block0_attn_softmax_out": 1.0,
  "block1_attn_softmax_out": 1.0,
  "block2_attn_softmax_out": 1.0,
  "block3_attn_softmax_out": 1.0,
  "block4_attn_softmax_out": 1.0,
  "block5_attn_softmax_out": 1.0,
  "block6_attn_softmax_out": 1.0,
  "block7_attn_softmax_out": 1.0,
  "block8_attn_softmax_out": 1.0,
  "block9_attn_softmax_out": 1.0,
  "block10_attn_softmax_out": 1.0,
  "block11_attn_softmax_out": 1.0,
  "block12_attn_softmax_out": 1.0,
  "block13_attn_softmax_out": 1.0,
  "block14_attn_softmax_out": 1.0,
  "block15_attn_softmax_out": 1.0,
  "block16_attn_kt_out": 9.764334678649902,
  "block16_attn_merge_out": 4.812978267669678,
  "block16_attn_roq_merge_out": 9.45037841796875,
  "block16_attn_v_t_out": 6.048884391784668,
  "block16_gelu_out_out": 19.448095321655273,
  "block16_ln2_affine_out": 9.369185447692871,
  "block16_winpart_windows_out": 12.391288757324219,
  "block17_attn_kt_out": 10.074667930603027,
  "block17_attn_merge_out": 4.352636337280273,
  "block17_attn_roq_merge_out": 9.124566078186035,
  "block17_attn_v_t_out": 6.046693325042725,
  "block17_gelu_out_out": 10.826152801513672,
  "block17_ln2_affine_out": 9.607109069824219,
  "block17_winpart_windows_out": 11.693864822387695,
  "block18_attn_kt_out": 8.796770095825195,
  "block18_attn_merge_out": 4.235294818878174,
  "block18_attn_roq_merge_out": 9.578362464904785,
  "block18_attn_v_t_out": 7.041263103485107,
  "block18_gelu_out_out": 8.296128273010254,
  "block18_ln2_affine_out": 10.107452392578125,
  "block18_winpart_windows_out": 13.353941917419434,
  "block19_attn_kt_out": 10.799460411071777,
  "block19_attn_merge_out": 3.5693819522857666,
  "block19_attn_roq_merge_out": 9.558852195739746,
  "block19_attn_v_t_out": 5.320030689239502,
  "block19_gelu_out_out": 7.94567346572876,
  "block19_ln2_affine_out": 9.273214340209961,
  "block19_winpart_windows_out": 15.77910327911377,
  "block20_attn_kt_out": 9.106471061706543,
  "block20_attn_merge_out": 4.4550042152404785,
  "block20_attn_roq_merge_out": 9.366006851196289,
  "block20_attn_v_t_out": 6.024775981903076,
  "block20_gelu_out_out": 7.130439281463623,
  "block20_ln2_affine_out": 8.259845733642578,
  "block20_winpart_windows_out": 17.860454559326172,
  "block21_attn_kt_out": 9.184194564819336,
  "block21_attn_merge_out": 3.382218837738037,
  "block21_attn_roq_merge_out": 9.92109203338623,
  "block21_attn_v_t_out": 5.148629188537598,
  "block21_gelu_out_out": 7.168945789337158,
  "block21_ln2_affine_out": 7.672052383422852,
  "block21_winpart_windows_out": 21.486831665039062,
  "block22_attn_kt_out": 9.205294609069824,
  "block22_attn_merge_out": 4.736457824707031,
  "block22_attn_roq_merge_out": 9.0618314743042,
  "block22_attn_v_t_out": 5.026946067810059,